item-name,item-label,img-label,img-url
MS-NN-00003-00074,MS Nn.3.74,cover,https://images.lib.cam.ac.uk/iiif/MS-NN-00003-00074-000-00001.jp2/full/max/0/default.jpg
MS-NN-00003-00074,MS Nn.3.74,cover (inside),https://images.lib.cam.ac.uk/iiif/MS-NN-00003-00074-000-00002.jp2/full/max/0/default.jpg
MS-NN-00003-00074,MS Nn.3.74,1r,https://images.lib.cam.ac.uk/iiif/MS-NN-00003-00074-000-00003.jp2/full/max/0/default.jpg
MS-NN-00003-00074,MS Nn.3.74,1v,https://images.lib.cam.ac.uk/iiif/MS-NN-00003-00074-000-00004.jp2/full/max/0/default.jpg
MS-NN-00003-00074,MS Nn.3.74,2r,https://images.lib.cam.ac.uk/iiif/MS-NN-00003-00074-000-00005.jp2/full/max/0/default.jpg
MS-NN-00003-00074,MS Nn.3.74,2v,https://images.lib.cam.ac.uk/iiif/MS-NN-00003-00074-000-00006.jp2/full/max/0/default.jpg
MS-NN-00003-00074,MS Nn.3.74,3r,https://images.lib.cam.ac.uk/iiif/MS-NN-00003-00074-000-00007.jp2/full/max/0/default.jpg
MS-NN-00003-00074,MS Nn.3.74,3v,https://images.lib.cam.ac.uk/iiif/MS-NN-00003-00074-000-00008.jp2/full/max/0/default.jpg
MS-NN-00003-00074,MS Nn.3.74,4r,https://images.lib.cam.ac.uk/iiif/MS-NN-00003-00074-000-00009.jp2/full/max/0/default.jpg
MS-NN-00003-00074,MS Nn.3.74,4v,https://images.lib.cam.ac.uk/iiif/MS-NN-00003-00074-000-00010.jp2/full/max/0/default.jpg
MS-NN-00003-00074,MS Nn.3.74,5r,https://images.lib.cam.ac.uk/iiif/MS-NN-00003-00074-000-00011.jp2/full/max/0/default.jpg
MS-NN-00003-00074,MS Nn.3.74,5v,https://images.lib.cam.ac.uk/iiif/MS-NN-00003-00074-000-00012.jp2/full/max/0/default.jpg
MS-NN-00003-00074,MS Nn.3.74,6r,https://images.lib.cam.ac.uk/iiif/MS-NN-00003-00074-000-00013.jp2/full/max/0/default.jpg
MS-NN-00003-00074,MS Nn.3.74,6v,https://images.lib.cam.ac.uk/iiif/MS-NN-00003-00074-000-00014.jp2/full/max/0/default.jpg
MS-NN-00003-00074,MS Nn.3.74,7r,https://images.lib.cam.ac.uk/iiif/MS-NN-00003-00074-000-00015.jp2/full/max/0/default.jpg
MS-NN-00003-00074,MS Nn.3.74,7v,https://images.lib.cam.ac.uk/iiif/MS-NN-00003-00074-000-00016.jp2/full/max/0/default.jpg
MS-NN-00003-00074,MS Nn.3.74,8r,https://images.lib.cam.ac.uk/iiif/MS-NN-00003-00074-000-00017.jp2/full/max/0/default.jpg
MS-NN-00003-00074,MS Nn.3.74,8v,https://images.lib.cam.ac.uk/iiif/MS-NN-00003-00074-000-00018.jp2/full/max/0/default.jpg
MS-NN-00003-00074,MS Nn.3.74,9r,https://images.lib.cam.ac.uk/iiif/MS-NN-00003-00074-000-00019.jp2/full/max/0/default.jpg
MS-NN-00003-00074,MS Nn.3.74,9v,https://images.lib.cam.ac.uk/iiif/MS-NN-00003-00074-000-00020.jp2/full/max/0/default.jpg
MS-NN-00003-00074,MS Nn.3.74,10r,https://images.lib.cam.ac.uk/iiif/MS-NN-00003-00074-000-00021.jp2/full/max/0/default.jpg
MS-NN-00003-00074,MS Nn.3.74,10v,https://images.lib.cam.ac.uk/iiif/MS-NN-00003-00074-000-00022.jp2/full/max/0/default.jpg
MS-NN-00003-00074,MS Nn.3.74,11r,https://images.lib.cam.ac.uk/iiif/MS-NN-00003-00074-000-00023.jp2/full/max/0/default.jpg
MS-NN-00003-00074,MS Nn.3.74,11v,https://images.lib.cam.ac.uk/iiif/MS-NN-00003-00074-000-00024.jp2/full/max/0/default.jpg
MS-NN-00003-00074,MS Nn.3.74,12r,https://images.lib.cam.ac.uk/iiif/MS-NN-00003-00074-000-00025.jp2/full/max/0/default.jpg
MS-NN-00003-00074,MS Nn.3.74,12v,https://images.lib.cam.ac.uk/iiif/MS-NN-00003-00074-000-00026.jp2/full/max/0/default.jpg
MS-NN-00003-00074,MS Nn.3.74,13r,https://images.lib.cam.ac.uk/iiif/MS-NN-00003-00074-000-00027.jp2/full/max/0/default.jpg
MS-NN-00003-00074,MS Nn.3.74,13v,https://images.lib.cam.ac.uk/iiif/MS-NN-00003-00074-000-00028.jp2/full/max/0/default.jpg
MS-NN-00003-00074,MS Nn.3.74,14r,https://images.lib.cam.ac.uk/iiif/MS-NN-00003-00074-000-00029.jp2/full/max/0/default.jpg
MS-NN-00003-00074,MS Nn.3.74,14v,https://images.lib.cam.ac.uk/iiif/MS-NN-00003-00074-000-00030.jp2/full/max/0/default.jpg
MS-NN-00003-00074,MS Nn.3.74,15r,https://images.lib.cam.ac.uk/iiif/MS-NN-00003-00074-000-00031.jp2/full/max/0/default.jpg
MS-NN-00003-00074,MS Nn.3.74,15v,https://images.lib.cam.ac.uk/iiif/MS-NN-00003-00074-000-00032.jp2/full/max/0/default.jpg
MS-NN-00003-00074,MS Nn.3.74,16r,https://images.lib.cam.ac.uk/iiif/MS-NN-00003-00074-000-00033.jp2/full/max/0/default.jpg
MS-NN-00003-00074,MS Nn.3.74,16v,https://images.lib.cam.ac.uk/iiif/MS-NN-00003-00074-000-00034.jp2/full/max/0/default.jpg
MS-NN-00003-00074,MS Nn.3.74,17r,https://images.lib.cam.ac.uk/iiif/MS-NN-00003-00074-000-00035.jp2/full/max/0/default.jpg
MS-NN-00003-00074,MS Nn.3.74,17v,https://images.lib.cam.ac.uk/iiif/MS-NN-00003-00074-000-00036.jp2/full/max/0/default.jpg
MS-NN-00003-00074,MS Nn.3.74,18r,https://images.lib.cam.ac.uk/iiif/MS-NN-00003-00074-000-00037.jp2/full/max/0/default.jpg
MS-NN-00003-00074,MS Nn.3.74,18v,https://images.lib.cam.ac.uk/iiif/MS-NN-00003-00074-000-00038.jp2/full/max/0/default.jpg
MS-NN-00003-00074,MS Nn.3.74,19r,https://images.lib.cam.ac.uk/iiif/MS-NN-00003-00074-000-00039.jp2/full/max/0/default.jpg
MS-NN-00003-00074,MS Nn.3.74,19v,https://images.lib.cam.ac.uk/iiif/MS-NN-00003-00074-000-00040.jp2/full/max/0/default.jpg
MS-NN-00003-00074,MS Nn.3.74,20r,https://images.lib.cam.ac.uk/iiif/MS-NN-00003-00074-000-00041.jp2/full/max/0/default.jpg
MS-NN-00003-00074,MS Nn.3.74,20v,https://images.lib.cam.ac.uk/iiif/MS-NN-00003-00074-000-00042.jp2/full/max/0/default.jpg
MS-NN-00003-00074,MS Nn.3.74,21r,https://images.lib.cam.ac.uk/iiif/MS-NN-00003-00074-000-00043.jp2/full/max/0/default.jpg
MS-NN-00003-00074,MS Nn.3.74,21v,https://images.lib.cam.ac.uk/iiif/MS-NN-00003-00074-000-00044.jp2/full/max/0/default.jpg
MS-NN-00003-00074,MS Nn.3.74,22r,https://images.lib.cam.ac.uk/iiif/MS-NN-00003-00074-000-00045.jp2/full/max/0/default.jpg
MS-NN-00003-00074,MS Nn.3.74,22v,https://images.lib.cam.ac.uk/iiif/MS-NN-00003-00074-000-00046.jp2/full/max/0/default.jpg
MS-NN-00003-00074,MS Nn.3.74,23r,https://images.lib.cam.ac.uk/iiif/MS-NN-00003-00074-000-00047.jp2/full/max/0/default.jpg
MS-NN-00003-00074,MS Nn.3.74,23v,https://images.lib.cam.ac.uk/iiif/MS-NN-00003-00074-000-00048.jp2/full/max/0/default.jpg
MS-NN-00003-00074,MS Nn.3.74,24r,https://images.lib.cam.ac.uk/iiif/MS-NN-00003-00074-000-00049.jp2/full/max/0/default.jpg
MS-NN-00003-00074,MS Nn.3.74,24v,https://images.lib.cam.ac.uk/iiif/MS-NN-00003-00074-000-00050.jp2/full/max/0/default.jpg
MS-NN-00003-00074,MS Nn.3.74,25r,https://images.lib.cam.ac.uk/iiif/MS-NN-00003-00074-000-00051.jp2/full/max/0/default.jpg
MS-NN-00003-00074,MS Nn.3.74,25v,https://images.lib.cam.ac.uk/iiif/MS-NN-00003-00074-000-00052.jp2/full/max/0/default.jpg
MS-NN-00003-00074,MS Nn.3.74,26r,https://images.lib.cam.ac.uk/iiif/MS-NN-00003-00074-000-00053.jp2/full/max/0/default.jpg
MS-NN-00003-00074,MS Nn.3.74,26v,https://images.lib.cam.ac.uk/iiif/MS-NN-00003-00074-000-00054.jp2/full/max/0/default.jpg
MS-NN-00003-00074,MS Nn.3.74,27r,https://images.lib.cam.ac.uk/iiif/MS-NN-00003-00074-000-00055.jp2/full/max/0/default.jpg
MS-NN-00003-00074,MS Nn.3.74,27v,https://images.lib.cam.ac.uk/iiif/MS-NN-00003-00074-000-00056.jp2/full/max/0/default.jpg
MS-NN-00003-00074,MS Nn.3.74,28r,https://images.lib.cam.ac.uk/iiif/MS-NN-00003-00074-000-00057.jp2/full/max/0/default.jpg
MS-NN-00003-00074,MS Nn.3.74,28v,https://images.lib.cam.ac.uk/iiif/MS-NN-00003-00074-000-00058.jp2/full/max/0/default.jpg
MS-NN-00003-00074,MS Nn.3.74,29r,https://images.lib.cam.ac.uk/iiif/MS-NN-00003-00074-000-00059.jp2/full/max/0/default.jpg
MS-NN-00003-00074,MS Nn.3.74,29v,https://images.lib.cam.ac.uk/iiif/MS-NN-00003-00074-000-00060.jp2/full/max/0/default.jpg
MS-NN-00003-00074,MS Nn.3.74,30r,https://images.lib.cam.ac.uk/iiif/MS-NN-00003-00074-000-00061.jp2/full/max/0/default.jpg
MS-NN-00003-00074,MS Nn.3.74,30v,https://images.lib.cam.ac.uk/iiif/MS-NN-00003-00074-000-00062.jp2/full/max/0/default.jpg
MS-NN-00003-00074,MS Nn.3.74,31r,https://images.lib.cam.ac.uk/iiif/MS-NN-00003-00074-000-00063.jp2/full/max/0/default.jpg
MS-NN-00003-00074,MS Nn.3.74,31v,https://images.lib.cam.ac.uk/iiif/MS-NN-00003-00074-000-00064.jp2/full/max/0/default.jpg
MS-NN-00003-00074,MS Nn.3.74,32r,https://images.lib.cam.ac.uk/iiif/MS-NN-00003-00074-000-00065.jp2/full/max/0/default.jpg
MS-NN-00003-00074,MS Nn.3.74,32v,https://images.lib.cam.ac.uk/iiif/MS-NN-00003-00074-000-00066.jp2/full/max/0/default.jpg
MS-NN-00003-00074,MS Nn.3.74,33r,https://images.lib.cam.ac.uk/iiif/MS-NN-00003-00074-000-00067.jp2/full/max/0/default.jpg
MS-NN-00003-00074,MS Nn.3.74,33v,https://images.lib.cam.ac.uk/iiif/MS-NN-00003-00074-000-00068.jp2/full/max/0/default.jpg
MS-NN-00003-00074,MS Nn.3.74,34r,https://images.lib.cam.ac.uk/iiif/MS-NN-00003-00074-000-00069.jp2/full/max/0/default.jpg
MS-NN-00003-00074,MS Nn.3.74,34v,https://images.lib.cam.ac.uk/iiif/MS-NN-00003-00074-000-00070.jp2/full/max/0/default.jpg
MS-NN-00003-00074,MS Nn.3.74,35r,https://images.lib.cam.ac.uk/iiif/MS-NN-00003-00074-000-00071.jp2/full/max/0/default.jpg
MS-NN-00003-00074,MS Nn.3.74,35v,https://images.lib.cam.ac.uk/iiif/MS-NN-00003-00074-000-00072.jp2/full/max/0/default.jpg
MS-NN-00003-00074,MS Nn.3.74,36r,https://images.lib.cam.ac.uk/iiif/MS-NN-00003-00074-000-00073.jp2/full/max/0/default.jpg
MS-NN-00003-00074,MS Nn.3.74,36v,https://images.lib.cam.ac.uk/iiif/MS-NN-00003-00074-000-00074.jp2/full/max/0/default.jpg
MS-NN-00003-00074,MS Nn.3.74,37r,https://images.lib.cam.ac.uk/iiif/MS-NN-00003-00074-000-00075.jp2/full/max/0/default.jpg
MS-NN-00003-00074,MS Nn.3.74,37v,https://images.lib.cam.ac.uk/iiif/MS-NN-00003-00074-000-00076.jp2/full/max/0/default.jpg
MS-NN-00003-00074,MS Nn.3.74,38r,https://images.lib.cam.ac.uk/iiif/MS-NN-00003-00074-000-00077.jp2/full/max/0/default.jpg
MS-NN-00003-00074,MS Nn.3.74,38v,https://images.lib.cam.ac.uk/iiif/MS-NN-00003-00074-000-00078.jp2/full/max/0/default.jpg
MS-NN-00003-00074,MS Nn.3.74,39r,https://images.lib.cam.ac.uk/iiif/MS-NN-00003-00074-000-00079.jp2/full/max/0/default.jpg
MS-NN-00003-00074,MS Nn.3.74,39v,https://images.lib.cam.ac.uk/iiif/MS-NN-00003-00074-000-00080.jp2/full/max/0/default.jpg
MS-NN-00003-00074,MS Nn.3.74,40r,https://images.lib.cam.ac.uk/iiif/MS-NN-00003-00074-000-00081.jp2/full/max/0/default.jpg
MS-NN-00003-00074,MS Nn.3.74,40v,https://images.lib.cam.ac.uk/iiif/MS-NN-00003-00074-000-00082.jp2/full/max/0/default.jpg
MS-NN-00003-00074,MS Nn.3.74,41r,https://images.lib.cam.ac.uk/iiif/MS-NN-00003-00074-000-00083.jp2/full/max/0/default.jpg
MS-NN-00003-00074,MS Nn.3.74,41v,https://images.lib.cam.ac.uk/iiif/MS-NN-00003-00074-000-00084.jp2/full/max/0/default.jpg
MS-NN-00003-00074,MS Nn.3.74,42r,https://images.lib.cam.ac.uk/iiif/MS-NN-00003-00074-000-00085.jp2/full/max/0/default.jpg
MS-NN-00003-00074,MS Nn.3.74,42v,https://images.lib.cam.ac.uk/iiif/MS-NN-00003-00074-000-00086.jp2/full/max/0/default.jpg
MS-NN-00003-00074,MS Nn.3.74,43r,https://images.lib.cam.ac.uk/iiif/MS-NN-00003-00074-000-00087.jp2/full/max/0/default.jpg
MS-NN-00003-00074,MS Nn.3.74,43v,https://images.lib.cam.ac.uk/iiif/MS-NN-00003-00074-000-00088.jp2/full/max/0/default.jpg
MS-NN-00003-00074,MS Nn.3.74,44r,https://images.lib.cam.ac.uk/iiif/MS-NN-00003-00074-000-00089.jp2/full/max/0/default.jpg
MS-NN-00003-00074,MS Nn.3.74,44v,https://images.lib.cam.ac.uk/iiif/MS-NN-00003-00074-000-00090.jp2/full/max/0/default.jpg
MS-NN-00003-00074,MS Nn.3.74,45r,https://images.lib.cam.ac.uk/iiif/MS-NN-00003-00074-000-00091.jp2/full/max/0/default.jpg
MS-NN-00003-00074,MS Nn.3.74,45v,https://images.lib.cam.ac.uk/iiif/MS-NN-00003-00074-000-00092.jp2/full/max/0/default.jpg
MS-NN-00003-00074,MS Nn.3.74,46r,https://images.lib.cam.ac.uk/iiif/MS-NN-00003-00074-000-00093.jp2/full/max/0/default.jpg
MS-NN-00003-00074,MS Nn.3.74,46v,https://images.lib.cam.ac.uk/iiif/MS-NN-00003-00074-000-00094.jp2/full/max/0/default.jpg
MS-NN-00003-00074,MS Nn.3.74,47r,https://images.lib.cam.ac.uk/iiif/MS-NN-00003-00074-000-00095.jp2/full/max/0/default.jpg
MS-NN-00003-00074,MS Nn.3.74,47v,https://images.lib.cam.ac.uk/iiif/MS-NN-00003-00074-000-00096.jp2/full/max/0/default.jpg
MS-NN-00003-00074,MS Nn.3.74,48r,https://images.lib.cam.ac.uk/iiif/MS-NN-00003-00074-000-00097.jp2/full/max/0/default.jpg
MS-NN-00003-00074,MS Nn.3.74,48v,https://images.lib.cam.ac.uk/iiif/MS-NN-00003-00074-000-00098.jp2/full/max/0/default.jpg
MS-NN-00003-00074,MS Nn.3.74,49r,https://images.lib.cam.ac.uk/iiif/MS-NN-00003-00074-000-00099.jp2/full/max/0/default.jpg
MS-NN-00003-00074,MS Nn.3.74,49v,https://images.lib.cam.ac.uk/iiif/MS-NN-00003-00074-000-00100.jp2/full/max/0/default.jpg
MS-NN-00003-00074,MS Nn.3.74,50r,https://images.lib.cam.ac.uk/iiif/MS-NN-00003-00074-000-00101.jp2/full/max/0/default.jpg
MS-NN-00003-00074,MS Nn.3.74,50v,https://images.lib.cam.ac.uk/iiif/MS-NN-00003-00074-000-00102.jp2/full/max/0/default.jpg
MS-NN-00003-00074,MS Nn.3.74,51r,https://images.lib.cam.ac.uk/iiif/MS-NN-00003-00074-000-00103.jp2/full/max/0/default.jpg
MS-NN-00003-00074,MS Nn.3.74,51v,https://images.lib.cam.ac.uk/iiif/MS-NN-00003-00074-000-00104.jp2/full/max/0/default.jpg
MS-NN-00003-00074,MS Nn.3.74,52r,https://images.lib.cam.ac.uk/iiif/MS-NN-00003-00074-000-00105.jp2/full/max/0/default.jpg
MS-NN-00003-00074,MS Nn.3.74,52v,https://images.lib.cam.ac.uk/iiif/MS-NN-00003-00074-000-00106.jp2/full/max/0/default.jpg
MS-NN-00003-00074,MS Nn.3.74,53r,https://images.lib.cam.ac.uk/iiif/MS-NN-00003-00074-000-00107.jp2/full/max/0/default.jpg
MS-NN-00003-00074,MS Nn.3.74,53v,https://images.lib.cam.ac.uk/iiif/MS-NN-00003-00074-000-00108.jp2/full/max/0/default.jpg
MS-NN-00003-00074,MS Nn.3.74,54r,https://images.lib.cam.ac.uk/iiif/MS-NN-00003-00074-000-00109.jp2/full/max/0/default.jpg
MS-NN-00003-00074,MS Nn.3.74,54v,https://images.lib.cam.ac.uk/iiif/MS-NN-00003-00074-000-00110.jp2/full/max/0/default.jpg
MS-NN-00003-00074,MS Nn.3.74,55r,https://images.lib.cam.ac.uk/iiif/MS-NN-00003-00074-000-00111.jp2/full/max/0/default.jpg
MS-NN-00003-00074,MS Nn.3.74,55v,https://images.lib.cam.ac.uk/iiif/MS-NN-00003-00074-000-00112.jp2/full/max/0/default.jpg
MS-NN-00003-00074,MS Nn.3.74,56r,https://images.lib.cam.ac.uk/iiif/MS-NN-00003-00074-000-00113.jp2/full/max/0/default.jpg
MS-NN-00003-00074,MS Nn.3.74,56v,https://images.lib.cam.ac.uk/iiif/MS-NN-00003-00074-000-00114.jp2/full/max/0/default.jpg
MS-NN-00003-00074,MS Nn.3.74,57r,https://images.lib.cam.ac.uk/iiif/MS-NN-00003-00074-000-00115.jp2/full/max/0/default.jpg
MS-NN-00003-00074,MS Nn.3.74,57v,https://images.lib.cam.ac.uk/iiif/MS-NN-00003-00074-000-00116.jp2/full/max/0/default.jpg
MS-NN-00003-00074,MS Nn.3.74,58r,https://images.lib.cam.ac.uk/iiif/MS-NN-00003-00074-000-00117.jp2/full/max/0/default.jpg
MS-NN-00003-00074,MS Nn.3.74,58v,https://images.lib.cam.ac.uk/iiif/MS-NN-00003-00074-000-00118.jp2/full/max/0/default.jpg
MS-NN-00003-00074,MS Nn.3.74,59r,https://images.lib.cam.ac.uk/iiif/MS-NN-00003-00074-000-00119.jp2/full/max/0/default.jpg
MS-NN-00003-00074,MS Nn.3.74,59v,https://images.lib.cam.ac.uk/iiif/MS-NN-00003-00074-000-00120.jp2/full/max/0/default.jpg
MS-NN-00003-00074,MS Nn.3.74,60r,https://images.lib.cam.ac.uk/iiif/MS-NN-00003-00074-000-00121.jp2/full/max/0/default.jpg
MS-NN-00003-00074,MS Nn.3.74,60v,https://images.lib.cam.ac.uk/iiif/MS-NN-00003-00074-000-00122.jp2/full/max/0/default.jpg
MS-NN-00003-00074,MS Nn.3.74,61r,https://images.lib.cam.ac.uk/iiif/MS-NN-00003-00074-000-00123.jp2/full/max/0/default.jpg
MS-NN-00003-00074,MS Nn.3.74,61v,https://images.lib.cam.ac.uk/iiif/MS-NN-00003-00074-000-00124.jp2/full/max/0/default.jpg
MS-NN-00003-00074,MS Nn.3.74,62r,https://images.lib.cam.ac.uk/iiif/MS-NN-00003-00074-000-00125.jp2/full/max/0/default.jpg
MS-NN-00003-00074,MS Nn.3.74,62v,https://images.lib.cam.ac.uk/iiif/MS-NN-00003-00074-000-00126.jp2/full/max/0/default.jpg
MS-NN-00003-00074,MS Nn.3.74,63r,https://images.lib.cam.ac.uk/iiif/MS-NN-00003-00074-000-00127.jp2/full/max/0/default.jpg
MS-NN-00003-00074,MS Nn.3.74,63v,https://images.lib.cam.ac.uk/iiif/MS-NN-00003-00074-000-00128.jp2/full/max/0/default.jpg
MS-NN-00003-00074,MS Nn.3.74,64r,https://images.lib.cam.ac.uk/iiif/MS-NN-00003-00074-000-00129.jp2/full/max/0/default.jpg
MS-NN-00003-00074,MS Nn.3.74,64v,https://images.lib.cam.ac.uk/iiif/MS-NN-00003-00074-000-00130.jp2/full/max/0/default.jpg
MS-NN-00003-00074,MS Nn.3.74,65r,https://images.lib.cam.ac.uk/iiif/MS-NN-00003-00074-000-00131.jp2/full/max/0/default.jpg
MS-NN-00003-00074,MS Nn.3.74,65v,https://images.lib.cam.ac.uk/iiif/MS-NN-00003-00074-000-00132.jp2/full/max/0/default.jpg
MS-NN-00003-00074,MS Nn.3.74,66r,https://images.lib.cam.ac.uk/iiif/MS-NN-00003-00074-000-00133.jp2/full/max/0/default.jpg
MS-NN-00003-00074,MS Nn.3.74,66v,https://images.lib.cam.ac.uk/iiif/MS-NN-00003-00074-000-00134.jp2/full/max/0/default.jpg
MS-NN-00003-00074,MS Nn.3.74,67r,https://images.lib.cam.ac.uk/iiif/MS-NN-00003-00074-000-00135.jp2/full/max/0/default.jpg
MS-NN-00003-00074,MS Nn.3.74,67v,https://images.lib.cam.ac.uk/iiif/MS-NN-00003-00074-000-00136.jp2/full/max/0/default.jpg
MS-NN-00003-00074,MS Nn.3.74,68r,https://images.lib.cam.ac.uk/iiif/MS-NN-00003-00074-000-00137.jp2/full/max/0/default.jpg
MS-NN-00003-00074,MS Nn.3.74,68v,https://images.lib.cam.ac.uk/iiif/MS-NN-00003-00074-000-00138.jp2/full/max/0/default.jpg
MS-NN-00003-00074,MS Nn.3.74,69r,https://images.lib.cam.ac.uk/iiif/MS-NN-00003-00074-000-00139.jp2/full/max/0/default.jpg
MS-NN-00003-00074,MS Nn.3.74,69v,https://images.lib.cam.ac.uk/iiif/MS-NN-00003-00074-000-00140.jp2/full/max/0/default.jpg
MS-NN-00003-00074,MS Nn.3.74,70r,https://images.lib.cam.ac.uk/iiif/MS-NN-00003-00074-000-00141.jp2/full/max/0/default.jpg
MS-NN-00003-00074,MS Nn.3.74,70v,https://images.lib.cam.ac.uk/iiif/MS-NN-00003-00074-000-00142.jp2/full/max/0/default.jpg
MS-NN-00003-00074,MS Nn.3.74,71r,https://images.lib.cam.ac.uk/iiif/MS-NN-00003-00074-000-00143.jp2/full/max/0/default.jpg
MS-NN-00003-00074,MS Nn.3.74,71v,https://images.lib.cam.ac.uk/iiif/MS-NN-00003-00074-000-00144.jp2/full/max/0/default.jpg
MS-NN-00003-00074,MS Nn.3.74,72r,https://images.lib.cam.ac.uk/iiif/MS-NN-00003-00074-000-00145.jp2/full/max/0/default.jpg
MS-NN-00003-00074,MS Nn.3.74,72v,https://images.lib.cam.ac.uk/iiif/MS-NN-00003-00074-000-00146.jp2/full/max/0/default.jpg
MS-NN-00003-00074,MS Nn.3.74,73r,https://images.lib.cam.ac.uk/iiif/MS-NN-00003-00074-000-00147.jp2/full/max/0/default.jpg
MS-NN-00003-00074,MS Nn.3.74,73v,https://images.lib.cam.ac.uk/iiif/MS-NN-00003-00074-000-00148.jp2/full/max/0/default.jpg
MS-NN-00003-00074,MS Nn.3.74,74r,https://images.lib.cam.ac.uk/iiif/MS-NN-00003-00074-000-00149.jp2/full/max/0/default.jpg
MS-NN-00003-00074,MS Nn.3.74,74v,https://images.lib.cam.ac.uk/iiif/MS-NN-00003-00074-000-00150.jp2/full/max/0/default.jpg
MS-NN-00003-00074,MS Nn.3.74,75r,https://images.lib.cam.ac.uk/iiif/MS-NN-00003-00074-000-00151.jp2/full/max/0/default.jpg
MS-NN-00003-00074,MS Nn.3.74,75v,https://images.lib.cam.ac.uk/iiif/MS-NN-00003-00074-000-00152.jp2/full/max/0/default.jpg
MS-NN-00003-00074,MS Nn.3.74,76r,https://images.lib.cam.ac.uk/iiif/MS-NN-00003-00074-000-00153.jp2/full/max/0/default.jpg
MS-NN-00003-00074,MS Nn.3.74,76v,https://images.lib.cam.ac.uk/iiif/MS-NN-00003-00074-000-00154.jp2/full/max/0/default.jpg
MS-NN-00003-00074,MS Nn.3.74,77r,https://images.lib.cam.ac.uk/iiif/MS-NN-00003-00074-000-00155.jp2/full/max/0/default.jpg
MS-NN-00003-00074,MS Nn.3.74,77v,https://images.lib.cam.ac.uk/iiif/MS-NN-00003-00074-000-00156.jp2/full/max/0/default.jpg
MS-NN-00003-00074,MS Nn.3.74,78r,https://images.lib.cam.ac.uk/iiif/MS-NN-00003-00074-000-00157.jp2/full/max/0/default.jpg
MS-NN-00003-00074,MS Nn.3.74,78v,https://images.lib.cam.ac.uk/iiif/MS-NN-00003-00074-000-00158.jp2/full/max/0/default.jpg
MS-NN-00003-00074,MS Nn.3.74,79r,https://images.lib.cam.ac.uk/iiif/MS-NN-00003-00074-000-00159.jp2/full/max/0/default.jpg
MS-NN-00003-00074,MS Nn.3.74,79v,https://images.lib.cam.ac.uk/iiif/MS-NN-00003-00074-000-00160.jp2/full/max/0/default.jpg
MS-NN-00003-00074,MS Nn.3.74,80r,https://images.lib.cam.ac.uk/iiif/MS-NN-00003-00074-000-00161.jp2/full/max/0/default.jpg
MS-NN-00003-00074,MS Nn.3.74,80v,https://images.lib.cam.ac.uk/iiif/MS-NN-00003-00074-000-00162.jp2/full/max/0/default.jpg
MS-NN-00003-00074,MS Nn.3.74,81r,https://images.lib.cam.ac.uk/iiif/MS-NN-00003-00074-000-00163.jp2/full/max/0/default.jpg
MS-NN-00003-00074,MS Nn.3.74,81v,https://images.lib.cam.ac.uk/iiif/MS-NN-00003-00074-000-00164.jp2/full/max/0/default.jpg
MS-NN-00003-00074,MS Nn.3.74,82r,https://images.lib.cam.ac.uk/iiif/MS-NN-00003-00074-000-00165.jp2/full/max/0/default.jpg
MS-NN-00003-00074,MS Nn.3.74,82v,https://images.lib.cam.ac.uk/iiif/MS-NN-00003-00074-000-00166.jp2/full/max/0/default.jpg
MS-NN-00003-00074,MS Nn.3.74,83r,https://images.lib.cam.ac.uk/iiif/MS-NN-00003-00074-000-00167.jp2/full/max/0/default.jpg
MS-NN-00003-00074,MS Nn.3.74,83v,https://images.lib.cam.ac.uk/iiif/MS-NN-00003-00074-000-00168.jp2/full/max/0/default.jpg
MS-NN-00003-00074,MS Nn.3.74,84r,https://images.lib.cam.ac.uk/iiif/MS-NN-00003-00074-000-00169.jp2/full/max/0/default.jpg
MS-NN-00003-00074,MS Nn.3.74,84v,https://images.lib.cam.ac.uk/iiif/MS-NN-00003-00074-000-00170.jp2/full/max/0/default.jpg
MS-NN-00003-00074,MS Nn.3.74,85r,https://images.lib.cam.ac.uk/iiif/MS-NN-00003-00074-000-00171.jp2/full/max/0/default.jpg
MS-NN-00003-00074,MS Nn.3.74,85v,https://images.lib.cam.ac.uk/iiif/MS-NN-00003-00074-000-00172.jp2/full/max/0/default.jpg
MS-NN-00003-00074,MS Nn.3.74,86r,https://images.lib.cam.ac.uk/iiif/MS-NN-00003-00074-000-00173.jp2/full/max/0/default.jpg
MS-NN-00003-00074,MS Nn.3.74,86v,https://images.lib.cam.ac.uk/iiif/MS-NN-00003-00074-000-00174.jp2/full/max/0/default.jpg
MS-NN-00003-00074,MS Nn.3.74,87r,https://images.lib.cam.ac.uk/iiif/MS-NN-00003-00074-000-00175.jp2/full/max/0/default.jpg
MS-NN-00003-00074,MS Nn.3.74,87v,https://images.lib.cam.ac.uk/iiif/MS-NN-00003-00074-000-00176.jp2/full/max/0/default.jpg
MS-NN-00003-00074,MS Nn.3.74,88r,https://images.lib.cam.ac.uk/iiif/MS-NN-00003-00074-000-00177.jp2/full/max/0/default.jpg
MS-NN-00003-00074,MS Nn.3.74,88v,https://images.lib.cam.ac.uk/iiif/MS-NN-00003-00074-000-00178.jp2/full/max/0/default.jpg
MS-NN-00003-00074,MS Nn.3.74,89r,https://images.lib.cam.ac.uk/iiif/MS-NN-00003-00074-000-00179.jp2/full/max/0/default.jpg
MS-NN-00003-00074,MS Nn.3.74,89v,https://images.lib.cam.ac.uk/iiif/MS-NN-00003-00074-000-00180.jp2/full/max/0/default.jpg
MS-NN-00003-00074,MS Nn.3.74,90r,https://images.lib.cam.ac.uk/iiif/MS-NN-00003-00074-000-00181.jp2/full/max/0/default.jpg
MS-NN-00003-00074,MS Nn.3.74,90v,https://images.lib.cam.ac.uk/iiif/MS-NN-00003-00074-000-00182.jp2/full/max/0/default.jpg
MS-NN-00003-00074,MS Nn.3.74,91r,https://images.lib.cam.ac.uk/iiif/MS-NN-00003-00074-000-00183.jp2/full/max/0/default.jpg
MS-NN-00003-00074,MS Nn.3.74,91v,https://images.lib.cam.ac.uk/iiif/MS-NN-00003-00074-000-00184.jp2/full/max/0/default.jpg
MS-NN-00003-00074,MS Nn.3.74,92r,https://images.lib.cam.ac.uk/iiif/MS-NN-00003-00074-000-00185.jp2/full/max/0/default.jpg
MS-NN-00003-00074,MS Nn.3.74,92v,https://images.lib.cam.ac.uk/iiif/MS-NN-00003-00074-000-00186.jp2/full/max/0/default.jpg
MS-NN-00003-00074,MS Nn.3.74,93r,https://images.lib.cam.ac.uk/iiif/MS-NN-00003-00074-000-00187.jp2/full/max/0/default.jpg
MS-NN-00003-00074,MS Nn.3.74,93v,https://images.lib.cam.ac.uk/iiif/MS-NN-00003-00074-000-00188.jp2/full/max/0/default.jpg
MS-NN-00003-00074,MS Nn.3.74,94r,https://images.lib.cam.ac.uk/iiif/MS-NN-00003-00074-000-00189.jp2/full/max/0/default.jpg
MS-NN-00003-00074,MS Nn.3.74,94v,https://images.lib.cam.ac.uk/iiif/MS-NN-00003-00074-000-00190.jp2/full/max/0/default.jpg
MS-NN-00003-00074,MS Nn.3.74,95r,https://images.lib.cam.ac.uk/iiif/MS-NN-00003-00074-000-00191.jp2/full/max/0/default.jpg
MS-NN-00003-00074,MS Nn.3.74,95v,https://images.lib.cam.ac.uk/iiif/MS-NN-00003-00074-000-00192.jp2/full/max/0/default.jpg
MS-NN-00003-00074,MS Nn.3.74,96r,https://images.lib.cam.ac.uk/iiif/MS-NN-00003-00074-000-00193.jp2/full/max/0/default.jpg
MS-NN-00003-00074,MS Nn.3.74,96v,https://images.lib.cam.ac.uk/iiif/MS-NN-00003-00074-000-00194.jp2/full/max/0/default.jpg
MS-NN-00003-00074,MS Nn.3.74,97r,https://images.lib.cam.ac.uk/iiif/MS-NN-00003-00074-000-00195.jp2/full/max/0/default.jpg
MS-NN-00003-00074,MS Nn.3.74,97v,https://images.lib.cam.ac.uk/iiif/MS-NN-00003-00074-000-00196.jp2/full/max/0/default.jpg
MS-NN-00003-00074,MS Nn.3.74,98r,https://images.lib.cam.ac.uk/iiif/MS-NN-00003-00074-000-00197.jp2/full/max/0/default.jpg
MS-NN-00003-00074,MS Nn.3.74,98v,https://images.lib.cam.ac.uk/iiif/MS-NN-00003-00074-000-00198.jp2/full/max/0/default.jpg
MS-NN-00003-00074,MS Nn.3.74,99r,https://images.lib.cam.ac.uk/iiif/MS-NN-00003-00074-000-00199.jp2/full/max/0/default.jpg
MS-NN-00003-00074,MS Nn.3.74,99v,https://images.lib.cam.ac.uk/iiif/MS-NN-00003-00074-000-00200.jp2/full/max/0/default.jpg
MS-NN-00003-00074,MS Nn.3.74,100r,https://images.lib.cam.ac.uk/iiif/MS-NN-00003-00074-000-00201.jp2/full/max/0/default.jpg
MS-NN-00003-00074,MS Nn.3.74,100v,https://images.lib.cam.ac.uk/iiif/MS-NN-00003-00074-000-00202.jp2/full/max/0/default.jpg
MS-NN-00003-00074,MS Nn.3.74,101r,https://images.lib.cam.ac.uk/iiif/MS-NN-00003-00074-000-00203.jp2/full/max/0/default.jpg
MS-NN-00003-00074,MS Nn.3.74,101v,https://images.lib.cam.ac.uk/iiif/MS-NN-00003-00074-000-00204.jp2/full/max/0/default.jpg
MS-NN-00003-00074,MS Nn.3.74,102r,https://images.lib.cam.ac.uk/iiif/MS-NN-00003-00074-000-00205.jp2/full/max/0/default.jpg
MS-NN-00003-00074,MS Nn.3.74,102v,https://images.lib.cam.ac.uk/iiif/MS-NN-00003-00074-000-00206.jp2/full/max/0/default.jpg
MS-NN-00003-00074,MS Nn.3.74,103r,https://images.lib.cam.ac.uk/iiif/MS-NN-00003-00074-000-00207.jp2/full/max/0/default.jpg
MS-NN-00003-00074,MS Nn.3.74,103v,https://images.lib.cam.ac.uk/iiif/MS-NN-00003-00074-000-00208.jp2/full/max/0/default.jpg
MS-NN-00003-00074,MS Nn.3.74,104r,https://images.lib.cam.ac.uk/iiif/MS-NN-00003-00074-000-00209.jp2/full/max/0/default.jpg
MS-NN-00003-00074,MS Nn.3.74,104v,https://images.lib.cam.ac.uk/iiif/MS-NN-00003-00074-000-00210.jp2/full/max/0/default.jpg
MS-NN-00003-00074,MS Nn.3.74,105r,https://images.lib.cam.ac.uk/iiif/MS-NN-00003-00074-000-00211.jp2/full/max/0/default.jpg
MS-NN-00003-00074,MS Nn.3.74,105v,https://images.lib.cam.ac.uk/iiif/MS-NN-00003-00074-000-00212.jp2/full/max/0/default.jpg
MS-NN-00003-00074,MS Nn.3.74,106r,https://images.lib.cam.ac.uk/iiif/MS-NN-00003-00074-000-00213.jp2/full/max/0/default.jpg
MS-NN-00003-00074,MS Nn.3.74,106v,https://images.lib.cam.ac.uk/iiif/MS-NN-00003-00074-000-00214.jp2/full/max/0/default.jpg
MS-NN-00003-00074,MS Nn.3.74,107r,https://images.lib.cam.ac.uk/iiif/MS-NN-00003-00074-000-00215.jp2/full/max/0/default.jpg
MS-NN-00003-00074,MS Nn.3.74,107v,https://images.lib.cam.ac.uk/iiif/MS-NN-00003-00074-000-00216.jp2/full/max/0/default.jpg
MS-NN-00003-00074,MS Nn.3.74,108r,https://images.lib.cam.ac.uk/iiif/MS-NN-00003-00074-000-00217.jp2/full/max/0/default.jpg
MS-NN-00003-00074,MS Nn.3.74,108v,https://images.lib.cam.ac.uk/iiif/MS-NN-00003-00074-000-00218.jp2/full/max/0/default.jpg
MS-NN-00003-00074,MS Nn.3.74,109r,https://images.lib.cam.ac.uk/iiif/MS-NN-00003-00074-000-00219.jp2/full/max/0/default.jpg
MS-NN-00003-00074,MS Nn.3.74,109v,https://images.lib.cam.ac.uk/iiif/MS-NN-00003-00074-000-00220.jp2/full/max/0/default.jpg
MS-NN-00003-00074,MS Nn.3.74,110r,https://images.lib.cam.ac.uk/iiif/MS-NN-00003-00074-000-00221.jp2/full/max/0/default.jpg
MS-NN-00003-00074,MS Nn.3.74,110v,https://images.lib.cam.ac.uk/iiif/MS-NN-00003-00074-000-00222.jp2/full/max/0/default.jpg
MS-NN-00003-00074,MS Nn.3.74,111r,https://images.lib.cam.ac.uk/iiif/MS-NN-00003-00074-000-00223.jp2/full/max/0/default.jpg
MS-NN-00003-00074,MS Nn.3.74,111v,https://images.lib.cam.ac.uk/iiif/MS-NN-00003-00074-000-00224.jp2/full/max/0/default.jpg
MS-NN-00003-00074,MS Nn.3.74,112r,https://images.lib.cam.ac.uk/iiif/MS-NN-00003-00074-000-00225.jp2/full/max/0/default.jpg
MS-NN-00003-00074,MS Nn.3.74,112v,https://images.lib.cam.ac.uk/iiif/MS-NN-00003-00074-000-00226.jp2/full/max/0/default.jpg
MS-NN-00003-00074,MS Nn.3.74,113r,https://images.lib.cam.ac.uk/iiif/MS-NN-00003-00074-000-00227.jp2/full/max/0/default.jpg
MS-NN-00003-00074,MS Nn.3.74,113v,https://images.lib.cam.ac.uk/iiif/MS-NN-00003-00074-000-00228.jp2/full/max/0/default.jpg
MS-NN-00003-00074,MS Nn.3.74,114r,https://images.lib.cam.ac.uk/iiif/MS-NN-00003-00074-000-00229.jp2/full/max/0/default.jpg
MS-NN-00003-00074,MS Nn.3.74,114v,https://images.lib.cam.ac.uk/iiif/MS-NN-00003-00074-000-00230.jp2/full/max/0/default.jpg
MS-NN-00003-00074,MS Nn.3.74,115r,https://images.lib.cam.ac.uk/iiif/MS-NN-00003-00074-000-00231.jp2/full/max/0/default.jpg
MS-NN-00003-00074,MS Nn.3.74,115v,https://images.lib.cam.ac.uk/iiif/MS-NN-00003-00074-000-00232.jp2/full/max/0/default.jpg
MS-NN-00003-00074,MS Nn.3.74,116r,https://images.lib.cam.ac.uk/iiif/MS-NN-00003-00074-000-00233.jp2/full/max/0/default.jpg
MS-NN-00003-00074,MS Nn.3.74,116v,https://images.lib.cam.ac.uk/iiif/MS-NN-00003-00074-000-00234.jp2/full/max/0/default.jpg
MS-NN-00003-00074,MS Nn.3.74,117r,https://images.lib.cam.ac.uk/iiif/MS-NN-00003-00074-000-00235.jp2/full/max/0/default.jpg
MS-NN-00003-00074,MS Nn.3.74,117v,https://images.lib.cam.ac.uk/iiif/MS-NN-00003-00074-000-00236.jp2/full/max/0/default.jpg
MS-NN-00003-00074,MS Nn.3.74,118r,https://images.lib.cam.ac.uk/iiif/MS-NN-00003-00074-000-00237.jp2/full/max/0/default.jpg
MS-NN-00003-00074,MS Nn.3.74,118v,https://images.lib.cam.ac.uk/iiif/MS-NN-00003-00074-000-00238.jp2/full/max/0/default.jpg
MS-NN-00003-00074,MS Nn.3.74,119r,https://images.lib.cam.ac.uk/iiif/MS-NN-00003-00074-000-00239.jp2/full/max/0/default.jpg
MS-NN-00003-00074,MS Nn.3.74,119v,https://images.lib.cam.ac.uk/iiif/MS-NN-00003-00074-000-00240.jp2/full/max/0/default.jpg
MS-NN-00003-00074,MS Nn.3.74,120r,https://images.lib.cam.ac.uk/iiif/MS-NN-00003-00074-000-00241.jp2/full/max/0/default.jpg
MS-NN-00003-00074,MS Nn.3.74,120v,https://images.lib.cam.ac.uk/iiif/MS-NN-00003-00074-000-00242.jp2/full/max/0/default.jpg
MS-NN-00003-00074,MS Nn.3.74,121r,https://images.lib.cam.ac.uk/iiif/MS-NN-00003-00074-000-00243.jp2/full/max/0/default.jpg
MS-NN-00003-00074,MS Nn.3.74,121v,https://images.lib.cam.ac.uk/iiif/MS-NN-00003-00074-000-00244.jp2/full/max/0/default.jpg
MS-NN-00003-00074,MS Nn.3.74,122r,https://images.lib.cam.ac.uk/iiif/MS-NN-00003-00074-000-00245.jp2/full/max/0/default.jpg
MS-NN-00003-00074,MS Nn.3.74,122v,https://images.lib.cam.ac.uk/iiif/MS-NN-00003-00074-000-00246.jp2/full/max/0/default.jpg
MS-NN-00003-00074,MS Nn.3.74,123r,https://images.lib.cam.ac.uk/iiif/MS-NN-00003-00074-000-00247.jp2/full/max/0/default.jpg
MS-NN-00003-00074,MS Nn.3.74,123v,https://images.lib.cam.ac.uk/iiif/MS-NN-00003-00074-000-00248.jp2/full/max/0/default.jpg
MS-NN-00003-00074,MS Nn.3.74,124r,https://images.lib.cam.ac.uk/iiif/MS-NN-00003-00074-000-00249.jp2/full/max/0/default.jpg
MS-NN-00003-00074,MS Nn.3.74,124v,https://images.lib.cam.ac.uk/iiif/MS-NN-00003-00074-000-00250.jp2/full/max/0/default.jpg
MS-NN-00003-00074,MS Nn.3.74,125r,https://images.lib.cam.ac.uk/iiif/MS-NN-00003-00074-000-00251.jp2/full/max/0/default.jpg
MS-NN-00003-00074,MS Nn.3.74,125v,https://images.lib.cam.ac.uk/iiif/MS-NN-00003-00074-000-00252.jp2/full/max/0/default.jpg
MS-NN-00003-00074,MS Nn.3.74,126r,https://images.lib.cam.ac.uk/iiif/MS-NN-00003-00074-000-00253.jp2/full/max/0/default.jpg
MS-NN-00003-00074,MS Nn.3.74,126v,https://images.lib.cam.ac.uk/iiif/MS-NN-00003-00074-000-00254.jp2/full/max/0/default.jpg
MS-NN-00003-00074,MS Nn.3.74,127r,https://images.lib.cam.ac.uk/iiif/MS-NN-00003-00074-000-00255.jp2/full/max/0/default.jpg
MS-NN-00003-00074,MS Nn.3.74,127v,https://images.lib.cam.ac.uk/iiif/MS-NN-00003-00074-000-00256.jp2/full/max/0/default.jpg
MS-NN-00003-00074,MS Nn.3.74,128r,https://images.lib.cam.ac.uk/iiif/MS-NN-00003-00074-000-00257.jp2/full/max/0/default.jpg
MS-NN-00003-00074,MS Nn.3.74,128v,https://images.lib.cam.ac.uk/iiif/MS-NN-00003-00074-000-00258.jp2/full/max/0/default.jpg
MS-NN-00003-00074,MS Nn.3.74,129r,https://images.lib.cam.ac.uk/iiif/MS-NN-00003-00074-000-00259.jp2/full/max/0/default.jpg
MS-NN-00003-00074,MS Nn.3.74,129v,https://images.lib.cam.ac.uk/iiif/MS-NN-00003-00074-000-00260.jp2/full/max/0/default.jpg
MS-NN-00003-00074,MS Nn.3.74,130r,https://images.lib.cam.ac.uk/iiif/MS-NN-00003-00074-000-00261.jp2/full/max/0/default.jpg
MS-NN-00003-00074,MS Nn.3.74,130v,https://images.lib.cam.ac.uk/iiif/MS-NN-00003-00074-000-00262.jp2/full/max/0/default.jpg
MS-NN-00003-00074,MS Nn.3.74,131r,https://images.lib.cam.ac.uk/iiif/MS-NN-00003-00074-000-00263.jp2/full/max/0/default.jpg
MS-NN-00003-00074,MS Nn.3.74,131v,https://images.lib.cam.ac.uk/iiif/MS-NN-00003-00074-000-00264.jp2/full/max/0/default.jpg
MS-NN-00003-00074,MS Nn.3.74,132r,https://images.lib.cam.ac.uk/iiif/MS-NN-00003-00074-000-00265.jp2/full/max/0/default.jpg
MS-NN-00003-00074,MS Nn.3.74,132v,https://images.lib.cam.ac.uk/iiif/MS-NN-00003-00074-000-00266.jp2/full/max/0/default.jpg
MS-NN-00003-00074,MS Nn.3.74,133r,https://images.lib.cam.ac.uk/iiif/MS-NN-00003-00074-000-00267.jp2/full/max/0/default.jpg
MS-NN-00003-00074,MS Nn.3.74,133v,https://images.lib.cam.ac.uk/iiif/MS-NN-00003-00074-000-00268.jp2/full/max/0/default.jpg
MS-NN-00003-00074,MS Nn.3.74,134r,https://images.lib.cam.ac.uk/iiif/MS-NN-00003-00074-000-00269.jp2/full/max/0/default.jpg
MS-NN-00003-00074,MS Nn.3.74,134v,https://images.lib.cam.ac.uk/iiif/MS-NN-00003-00074-000-00270.jp2/full/max/0/default.jpg
MS-NN-00003-00074,MS Nn.3.74,135r,https://images.lib.cam.ac.uk/iiif/MS-NN-00003-00074-000-00271.jp2/full/max/0/default.jpg
MS-NN-00003-00074,MS Nn.3.74,135v,https://images.lib.cam.ac.uk/iiif/MS-NN-00003-00074-000-00272.jp2/full/max/0/default.jpg
MS-NN-00003-00074,MS Nn.3.74,136r,https://images.lib.cam.ac.uk/iiif/MS-NN-00003-00074-000-00273.jp2/full/max/0/default.jpg
MS-NN-00003-00074,MS Nn.3.74,136v,https://images.lib.cam.ac.uk/iiif/MS-NN-00003-00074-000-00274.jp2/full/max/0/default.jpg
MS-NN-00003-00074,MS Nn.3.74,137r,https://images.lib.cam.ac.uk/iiif/MS-NN-00003-00074-000-00275.jp2/full/max/0/default.jpg
MS-NN-00003-00074,MS Nn.3.74,137v,https://images.lib.cam.ac.uk/iiif/MS-NN-00003-00074-000-00276.jp2/full/max/0/default.jpg
MS-NN-00003-00074,MS Nn.3.74,138r,https://images.lib.cam.ac.uk/iiif/MS-NN-00003-00074-000-00277.jp2/full/max/0/default.jpg
MS-NN-00003-00074,MS Nn.3.74,138v,https://images.lib.cam.ac.uk/iiif/MS-NN-00003-00074-000-00278.jp2/full/max/0/default.jpg
MS-NN-00003-00074,MS Nn.3.74,139r,https://images.lib.cam.ac.uk/iiif/MS-NN-00003-00074-000-00279.jp2/full/max/0/default.jpg
MS-NN-00003-00074,MS Nn.3.74,139v,https://images.lib.cam.ac.uk/iiif/MS-NN-00003-00074-000-00280.jp2/full/max/0/default.jpg
MS-NN-00003-00074,MS Nn.3.74,140r,https://images.lib.cam.ac.uk/iiif/MS-NN-00003-00074-000-00281.jp2/full/max/0/default.jpg
MS-NN-00003-00074,MS Nn.3.74,140v,https://images.lib.cam.ac.uk/iiif/MS-NN-00003-00074-000-00282.jp2/full/max/0/default.jpg
MS-NN-00003-00074,MS Nn.3.74,141r,https://images.lib.cam.ac.uk/iiif/MS-NN-00003-00074-000-00283.jp2/full/max/0/default.jpg
MS-NN-00003-00074,MS Nn.3.74,141v,https://images.lib.cam.ac.uk/iiif/MS-NN-00003-00074-000-00284.jp2/full/max/0/default.jpg
MS-NN-00003-00074,MS Nn.3.74,142r,https://images.lib.cam.ac.uk/iiif/MS-NN-00003-00074-000-00285.jp2/full/max/0/default.jpg
MS-NN-00003-00074,MS Nn.3.74,142v,https://images.lib.cam.ac.uk/iiif/MS-NN-00003-00074-000-00286.jp2/full/max/0/default.jpg
MS-NN-00003-00074,MS Nn.3.74,143r,https://images.lib.cam.ac.uk/iiif/MS-NN-00003-00074-000-00287.jp2/full/max/0/default.jpg
MS-NN-00003-00074,MS Nn.3.74,143v,https://images.lib.cam.ac.uk/iiif/MS-NN-00003-00074-000-00288.jp2/full/max/0/default.jpg
MS-NN-00003-00074,MS Nn.3.74,144r,https://images.lib.cam.ac.uk/iiif/MS-NN-00003-00074-000-00289.jp2/full/max/0/default.jpg
MS-NN-00003-00074,MS Nn.3.74,144v,https://images.lib.cam.ac.uk/iiif/MS-NN-00003-00074-000-00290.jp2/full/max/0/default.jpg
MS-NN-00003-00074,MS Nn.3.74,145r,https://images.lib.cam.ac.uk/iiif/MS-NN-00003-00074-000-00291.jp2/full/max/0/default.jpg
MS-NN-00003-00074,MS Nn.3.74,145v,https://images.lib.cam.ac.uk/iiif/MS-NN-00003-00074-000-00292.jp2/full/max/0/default.jpg
MS-NN-00003-00074,MS Nn.3.74,146r,https://images.lib.cam.ac.uk/iiif/MS-NN-00003-00074-000-00293.jp2/full/max/0/default.jpg
MS-NN-00003-00074,MS Nn.3.74,146v,https://images.lib.cam.ac.uk/iiif/MS-NN-00003-00074-000-00294.jp2/full/max/0/default.jpg
MS-NN-00003-00074,MS Nn.3.74,147r,https://images.lib.cam.ac.uk/iiif/MS-NN-00003-00074-000-00295.jp2/full/max/0/default.jpg
MS-NN-00003-00074,MS Nn.3.74,147v,https://images.lib.cam.ac.uk/iiif/MS-NN-00003-00074-000-00296.jp2/full/max/0/default.jpg
MS-NN-00003-00074,MS Nn.3.74,148r,https://images.lib.cam.ac.uk/iiif/MS-NN-00003-00074-000-00297.jp2/full/max/0/default.jpg
MS-NN-00003-00074,MS Nn.3.74,148v,https://images.lib.cam.ac.uk/iiif/MS-NN-00003-00074-000-00298.jp2/full/max/0/default.jpg
MS-NN-00003-00074,MS Nn.3.74,149r,https://images.lib.cam.ac.uk/iiif/MS-NN-00003-00074-000-00299.jp2/full/max/0/default.jpg
MS-NN-00003-00074,MS Nn.3.74,149v,https://images.lib.cam.ac.uk/iiif/MS-NN-00003-00074-000-00300.jp2/full/max/0/default.jpg
MS-NN-00003-00074,MS Nn.3.74,150r,https://images.lib.cam.ac.uk/iiif/MS-NN-00003-00074-000-00301.jp2/full/max/0/default.jpg
MS-NN-00003-00074,MS Nn.3.74,150v,https://images.lib.cam.ac.uk/iiif/MS-NN-00003-00074-000-00302.jp2/full/max/0/default.jpg
MS-NN-00003-00074,MS Nn.3.74,151r,https://images.lib.cam.ac.uk/iiif/MS-NN-00003-00074-000-00303.jp2/full/max/0/default.jpg
MS-NN-00003-00074,MS Nn.3.74,151v,https://images.lib.cam.ac.uk/iiif/MS-NN-00003-00074-000-00304.jp2/full/max/0/default.jpg
MS-NN-00003-00074,MS Nn.3.74,152r,https://images.lib.cam.ac.uk/iiif/MS-NN-00003-00074-000-00305.jp2/full/max/0/default.jpg
MS-NN-00003-00074,MS Nn.3.74,152v,https://images.lib.cam.ac.uk/iiif/MS-NN-00003-00074-000-00306.jp2/full/max/0/default.jpg
MS-NN-00003-00074,MS Nn.3.74,153r,https://images.lib.cam.ac.uk/iiif/MS-NN-00003-00074-000-00307.jp2/full/max/0/default.jpg
MS-NN-00003-00074,MS Nn.3.74,153v,https://images.lib.cam.ac.uk/iiif/MS-NN-00003-00074-000-00308.jp2/full/max/0/default.jpg
MS-NN-00003-00074,MS Nn.3.74,154r,https://images.lib.cam.ac.uk/iiif/MS-NN-00003-00074-000-00309.jp2/full/max/0/default.jpg
MS-NN-00003-00074,MS Nn.3.74,154v,https://images.lib.cam.ac.uk/iiif/MS-NN-00003-00074-000-00310.jp2/full/max/0/default.jpg
MS-NN-00003-00074,MS Nn.3.74,155r,https://images.lib.cam.ac.uk/iiif/MS-NN-00003-00074-000-00311.jp2/full/max/0/default.jpg
MS-NN-00003-00074,MS Nn.3.74,155v,https://images.lib.cam.ac.uk/iiif/MS-NN-00003-00074-000-00312.jp2/full/max/0/default.jpg
MS-NN-00003-00074,MS Nn.3.74,156r,https://images.lib.cam.ac.uk/iiif/MS-NN-00003-00074-000-00313.jp2/full/max/0/default.jpg
MS-NN-00003-00074,MS Nn.3.74,156v,https://images.lib.cam.ac.uk/iiif/MS-NN-00003-00074-000-00314.jp2/full/max/0/default.jpg
MS-NN-00003-00074,MS Nn.3.74,157r,https://images.lib.cam.ac.uk/iiif/MS-NN-00003-00074-000-00315.jp2/full/max/0/default.jpg
MS-NN-00003-00074,MS Nn.3.74,157v,https://images.lib.cam.ac.uk/iiif/MS-NN-00003-00074-000-00316.jp2/full/max/0/default.jpg
MS-NN-00003-00074,MS Nn.3.74,158r,https://images.lib.cam.ac.uk/iiif/MS-NN-00003-00074-000-00317.jp2/full/max/0/default.jpg
MS-NN-00003-00074,MS Nn.3.74,158v,https://images.lib.cam.ac.uk/iiif/MS-NN-00003-00074-000-00318.jp2/full/max/0/default.jpg
MS-NN-00003-00074,MS Nn.3.74,159r,https://images.lib.cam.ac.uk/iiif/MS-NN-00003-00074-000-00319.jp2/full/max/0/default.jpg
MS-NN-00003-00074,MS Nn.3.74,159v,https://images.lib.cam.ac.uk/iiif/MS-NN-00003-00074-000-00320.jp2/full/max/0/default.jpg
MS-NN-00003-00074,MS Nn.3.74,160r,https://images.lib.cam.ac.uk/iiif/MS-NN-00003-00074-000-00321.jp2/full/max/0/default.jpg
MS-NN-00003-00074,MS Nn.3.74,160v,https://images.lib.cam.ac.uk/iiif/MS-NN-00003-00074-000-00322.jp2/full/max/0/default.jpg
MS-NN-00003-00074,MS Nn.3.74,161r,https://images.lib.cam.ac.uk/iiif/MS-NN-00003-00074-000-00323.jp2/full/max/0/default.jpg
MS-NN-00003-00074,MS Nn.3.74,161v,https://images.lib.cam.ac.uk/iiif/MS-NN-00003-00074-000-00324.jp2/full/max/0/default.jpg
MS-NN-00003-00074,MS Nn.3.74,162r,https://images.lib.cam.ac.uk/iiif/MS-NN-00003-00074-000-00325.jp2/full/max/0/default.jpg
MS-NN-00003-00074,MS Nn.3.74,162v,https://images.lib.cam.ac.uk/iiif/MS-NN-00003-00074-000-00326.jp2/full/max/0/default.jpg
MS-NN-00003-00074,MS Nn.3.74,163r,https://images.lib.cam.ac.uk/iiif/MS-NN-00003-00074-000-00327.jp2/full/max/0/default.jpg
MS-NN-00003-00074,MS Nn.3.74,163v,https://images.lib.cam.ac.uk/iiif/MS-NN-00003-00074-000-00328.jp2/full/max/0/default.jpg
MS-NN-00003-00074,MS Nn.3.74,164r,https://images.lib.cam.ac.uk/iiif/MS-NN-00003-00074-000-00329.jp2/full/max/0/default.jpg
MS-NN-00003-00074,MS Nn.3.74,164v,https://images.lib.cam.ac.uk/iiif/MS-NN-00003-00074-000-00330.jp2/full/max/0/default.jpg
MS-NN-00003-00074,MS Nn.3.74,165r,https://images.lib.cam.ac.uk/iiif/MS-NN-00003-00074-000-00331.jp2/full/max/0/default.jpg
MS-NN-00003-00074,MS Nn.3.74,165v,https://images.lib.cam.ac.uk/iiif/MS-NN-00003-00074-000-00332.jp2/full/max/0/default.jpg
MS-NN-00003-00074,MS Nn.3.74,166r,https://images.lib.cam.ac.uk/iiif/MS-NN-00003-00074-000-00333.jp2/full/max/0/default.jpg
MS-NN-00003-00074,MS Nn.3.74,166v,https://images.lib.cam.ac.uk/iiif/MS-NN-00003-00074-000-00334.jp2/full/max/0/default.jpg
MS-NN-00003-00074,MS Nn.3.74,167r,https://images.lib.cam.ac.uk/iiif/MS-NN-00003-00074-000-00335.jp2/full/max/0/default.jpg
MS-NN-00003-00074,MS Nn.3.74,167v,https://images.lib.cam.ac.uk/iiif/MS-NN-00003-00074-000-00336.jp2/full/max/0/default.jpg
MS-NN-00003-00074,MS Nn.3.74,168r,https://images.lib.cam.ac.uk/iiif/MS-NN-00003-00074-000-00337.jp2/full/max/0/default.jpg
MS-NN-00003-00074,MS Nn.3.74,168v,https://images.lib.cam.ac.uk/iiif/MS-NN-00003-00074-000-00338.jp2/full/max/0/default.jpg
MS-NN-00003-00074,MS Nn.3.74,169r,https://images.lib.cam.ac.uk/iiif/MS-NN-00003-00074-000-00339.jp2/full/max/0/default.jpg
MS-NN-00003-00074,MS Nn.3.74,169v,https://images.lib.cam.ac.uk/iiif/MS-NN-00003-00074-000-00340.jp2/full/max/0/default.jpg
MS-NN-00003-00074,MS Nn.3.74,170r,https://images.lib.cam.ac.uk/iiif/MS-NN-00003-00074-000-00341.jp2/full/max/0/default.jpg
MS-NN-00003-00074,MS Nn.3.74,170v,https://images.lib.cam.ac.uk/iiif/MS-NN-00003-00074-000-00342.jp2/full/max/0/default.jpg
MS-NN-00003-00074,MS Nn.3.74,171r,https://images.lib.cam.ac.uk/iiif/MS-NN-00003-00074-000-00343.jp2/full/max/0/default.jpg
MS-NN-00003-00074,MS Nn.3.74,171v,https://images.lib.cam.ac.uk/iiif/MS-NN-00003-00074-000-00344.jp2/full/max/0/default.jpg
MS-NN-00003-00074,MS Nn.3.74,172r,https://images.lib.cam.ac.uk/iiif/MS-NN-00003-00074-000-00345.jp2/full/max/0/default.jpg
MS-NN-00003-00074,MS Nn.3.74,172v,https://images.lib.cam.ac.uk/iiif/MS-NN-00003-00074-000-00346.jp2/full/max/0/default.jpg
MS-NN-00003-00074,MS Nn.3.74,173r,https://images.lib.cam.ac.uk/iiif/MS-NN-00003-00074-000-00347.jp2/full/max/0/default.jpg
MS-NN-00003-00074,MS Nn.3.74,173v,https://images.lib.cam.ac.uk/iiif/MS-NN-00003-00074-000-00348.jp2/full/max/0/default.jpg
MS-NN-00003-00074,MS Nn.3.74,174r,https://images.lib.cam.ac.uk/iiif/MS-NN-00003-00074-000-00349.jp2/full/max/0/default.jpg
MS-NN-00003-00074,MS Nn.3.74,174v,https://images.lib.cam.ac.uk/iiif/MS-NN-00003-00074-000-00350.jp2/full/max/0/default.jpg
MS-NN-00003-00074,MS Nn.3.74,175r,https://images.lib.cam.ac.uk/iiif/MS-NN-00003-00074-000-00351.jp2/full/max/0/default.jpg
MS-NN-00003-00074,MS Nn.3.74,175v,https://images.lib.cam.ac.uk/iiif/MS-NN-00003-00074-000-00352.jp2/full/max/0/default.jpg
MS-NN-00003-00074,MS Nn.3.74,176r,https://images.lib.cam.ac.uk/iiif/MS-NN-00003-00074-000-00353.jp2/full/max/0/default.jpg
MS-NN-00003-00074,MS Nn.3.74,176v,https://images.lib.cam.ac.uk/iiif/MS-NN-00003-00074-000-00354.jp2/full/max/0/default.jpg
MS-NN-00003-00074,MS Nn.3.74,177r,https://images.lib.cam.ac.uk/iiif/MS-NN-00003-00074-000-00355.jp2/full/max/0/default.jpg
MS-NN-00003-00074,MS Nn.3.74,177v,https://images.lib.cam.ac.uk/iiif/MS-NN-00003-00074-000-00356.jp2/full/max/0/default.jpg
MS-NN-00003-00074,MS Nn.3.74,178r,https://images.lib.cam.ac.uk/iiif/MS-NN-00003-00074-000-00357.jp2/full/max/0/default.jpg
MS-NN-00003-00074,MS Nn.3.74,178v,https://images.lib.cam.ac.uk/iiif/MS-NN-00003-00074-000-00358.jp2/full/max/0/default.jpg
MS-NN-00003-00074,MS Nn.3.74,179r,https://images.lib.cam.ac.uk/iiif/MS-NN-00003-00074-000-00359.jp2/full/max/0/default.jpg
MS-NN-00003-00074,MS Nn.3.74,179v,https://images.lib.cam.ac.uk/iiif/MS-NN-00003-00074-000-00360.jp2/full/max/0/default.jpg
MS-NN-00003-00074,MS Nn.3.74,180r,https://images.lib.cam.ac.uk/iiif/MS-NN-00003-00074-000-00361.jp2/full/max/0/default.jpg
MS-NN-00003-00074,MS Nn.3.74,180v,https://images.lib.cam.ac.uk/iiif/MS-NN-00003-00074-000-00362.jp2/full/max/0/default.jpg
MS-NN-00003-00074,MS Nn.3.74,181r,https://images.lib.cam.ac.uk/iiif/MS-NN-00003-00074-000-00363.jp2/full/max/0/default.jpg
MS-NN-00003-00074,MS Nn.3.74,181v,https://images.lib.cam.ac.uk/iiif/MS-NN-00003-00074-000-00364.jp2/full/max/0/default.jpg
MS-NN-00003-00074,MS Nn.3.74,182r,https://images.lib.cam.ac.uk/iiif/MS-NN-00003-00074-000-00365.jp2/full/max/0/default.jpg
MS-NN-00003-00074,MS Nn.3.74,182v,https://images.lib.cam.ac.uk/iiif/MS-NN-00003-00074-000-00366.jp2/full/max/0/default.jpg
MS-NN-00003-00074,MS Nn.3.74,183r,https://images.lib.cam.ac.uk/iiif/MS-NN-00003-00074-000-00367.jp2/full/max/0/default.jpg
MS-NN-00003-00074,MS Nn.3.74,183v,https://images.lib.cam.ac.uk/iiif/MS-NN-00003-00074-000-00368.jp2/full/max/0/default.jpg
MS-NN-00003-00074,MS Nn.3.74,184r,https://images.lib.cam.ac.uk/iiif/MS-NN-00003-00074-000-00369.jp2/full/max/0/default.jpg
MS-NN-00003-00074,MS Nn.3.74,184v,https://images.lib.cam.ac.uk/iiif/MS-NN-00003-00074-000-00370.jp2/full/max/0/default.jpg
MS-NN-00003-00074,MS Nn.3.74,185r,https://images.lib.cam.ac.uk/iiif/MS-NN-00003-00074-000-00371.jp2/full/max/0/default.jpg
MS-NN-00003-00074,MS Nn.3.74,185v,https://images.lib.cam.ac.uk/iiif/MS-NN-00003-00074-000-00372.jp2/full/max/0/default.jpg
MS-NN-00003-00074,MS Nn.3.74,186r,https://images.lib.cam.ac.uk/iiif/MS-NN-00003-00074-000-00373.jp2/full/max/0/default.jpg
MS-NN-00003-00074,MS Nn.3.74,186v,https://images.lib.cam.ac.uk/iiif/MS-NN-00003-00074-000-00374.jp2/full/max/0/default.jpg
MS-NN-00003-00074,MS Nn.3.74,187r,https://images.lib.cam.ac.uk/iiif/MS-NN-00003-00074-000-00375.jp2/full/max/0/default.jpg
MS-NN-00003-00074,MS Nn.3.74,187v,https://images.lib.cam.ac.uk/iiif/MS-NN-00003-00074-000-00376.jp2/full/max/0/default.jpg
MS-NN-00003-00074,MS Nn.3.74,188r,https://images.lib.cam.ac.uk/iiif/MS-NN-00003-00074-000-00377.jp2/full/max/0/default.jpg
MS-NN-00003-00074,MS Nn.3.74,188v,https://images.lib.cam.ac.uk/iiif/MS-NN-00003-00074-000-00378.jp2/full/max/0/default.jpg
MS-NN-00003-00074,MS Nn.3.74,189r,https://images.lib.cam.ac.uk/iiif/MS-NN-00003-00074-000-00379.jp2/full/max/0/default.jpg
MS-NN-00003-00074,MS Nn.3.74,189v,https://images.lib.cam.ac.uk/iiif/MS-NN-00003-00074-000-00380.jp2/full/max/0/default.jpg
MS-NN-00003-00074,MS Nn.3.74,190r,https://images.lib.cam.ac.uk/iiif/MS-NN-00003-00074-000-00381.jp2/full/max/0/default.jpg
MS-NN-00003-00074,MS Nn.3.74,190v,https://images.lib.cam.ac.uk/iiif/MS-NN-00003-00074-000-00382.jp2/full/max/0/default.jpg
MS-NN-00003-00074,MS Nn.3.74,191r,https://images.lib.cam.ac.uk/iiif/MS-NN-00003-00074-000-00383.jp2/full/max/0/default.jpg
MS-NN-00003-00074,MS Nn.3.74,191v,https://images.lib.cam.ac.uk/iiif/MS-NN-00003-00074-000-00384.jp2/full/max/0/default.jpg
MS-NN-00003-00074,MS Nn.3.74,192r,https://images.lib.cam.ac.uk/iiif/MS-NN-00003-00074-000-00385.jp2/full/max/0/default.jpg
MS-NN-00003-00074,MS Nn.3.74,192v,https://images.lib.cam.ac.uk/iiif/MS-NN-00003-00074-000-00386.jp2/full/max/0/default.jpg
MS-NN-00003-00074,MS Nn.3.74,193r,https://images.lib.cam.ac.uk/iiif/MS-NN-00003-00074-000-00387.jp2/full/max/0/default.jpg
MS-NN-00003-00074,MS Nn.3.74,193v,https://images.lib.cam.ac.uk/iiif/MS-NN-00003-00074-000-00388.jp2/full/max/0/default.jpg
MS-NN-00003-00074,MS Nn.3.74,194r,https://images.lib.cam.ac.uk/iiif/MS-NN-00003-00074-000-00389.jp2/full/max/0/default.jpg
MS-NN-00003-00074,MS Nn.3.74,194v,https://images.lib.cam.ac.uk/iiif/MS-NN-00003-00074-000-00390.jp2/full/max/0/default.jpg
MS-NN-00003-00074,MS Nn.3.74,195r,https://images.lib.cam.ac.uk/iiif/MS-NN-00003-00074-000-00391.jp2/full/max/0/default.jpg
MS-NN-00003-00074,MS Nn.3.74,195v,https://images.lib.cam.ac.uk/iiif/MS-NN-00003-00074-000-00392.jp2/full/max/0/default.jpg
MS-NN-00003-00074,MS Nn.3.74,196r,https://images.lib.cam.ac.uk/iiif/MS-NN-00003-00074-000-00393.jp2/full/max/0/default.jpg
MS-NN-00003-00074,MS Nn.3.74,196v,https://images.lib.cam.ac.uk/iiif/MS-NN-00003-00074-000-00394.jp2/full/max/0/default.jpg
MS-NN-00003-00074,MS Nn.3.74,197r,https://images.lib.cam.ac.uk/iiif/MS-NN-00003-00074-000-00395.jp2/full/max/0/default.jpg
MS-NN-00003-00074,MS Nn.3.74,197v,https://images.lib.cam.ac.uk/iiif/MS-NN-00003-00074-000-00396.jp2/full/max/0/default.jpg
MS-NN-00003-00074,MS Nn.3.74,198r,https://images.lib.cam.ac.uk/iiif/MS-NN-00003-00074-000-00397.jp2/full/max/0/default.jpg
MS-NN-00003-00074,MS Nn.3.74,198v,https://images.lib.cam.ac.uk/iiif/MS-NN-00003-00074-000-00398.jp2/full/max/0/default.jpg
MS-NN-00003-00074,MS Nn.3.74,199r,https://images.lib.cam.ac.uk/iiif/MS-NN-00003-00074-000-00399.jp2/full/max/0/default.jpg
MS-NN-00003-00074,MS Nn.3.74,199v,https://images.lib.cam.ac.uk/iiif/MS-NN-00003-00074-000-00400.jp2/full/max/0/default.jpg
MS-NN-00003-00074,MS Nn.3.74,200r,https://images.lib.cam.ac.uk/iiif/MS-NN-00003-00074-000-00401.jp2/full/max/0/default.jpg
MS-NN-00003-00074,MS Nn.3.74,200v,https://images.lib.cam.ac.uk/iiif/MS-NN-00003-00074-000-00402.jp2/full/max/0/default.jpg
MS-NN-00003-00074,MS Nn.3.74,201r,https://images.lib.cam.ac.uk/iiif/MS-NN-00003-00074-000-00403.jp2/full/max/0/default.jpg
MS-NN-00003-00074,MS Nn.3.74,201v,https://images.lib.cam.ac.uk/iiif/MS-NN-00003-00074-000-00404.jp2/full/max/0/default.jpg
MS-NN-00003-00074,MS Nn.3.74,202r,https://images.lib.cam.ac.uk/iiif/MS-NN-00003-00074-000-00405.jp2/full/max/0/default.jpg
MS-NN-00003-00074,MS Nn.3.74,202v,https://images.lib.cam.ac.uk/iiif/MS-NN-00003-00074-000-00406.jp2/full/max/0/default.jpg
MS-NN-00003-00074,MS Nn.3.74,203r,https://images.lib.cam.ac.uk/iiif/MS-NN-00003-00074-000-00407.jp2/full/max/0/default.jpg
MS-NN-00003-00074,MS Nn.3.74,203v,https://images.lib.cam.ac.uk/iiif/MS-NN-00003-00074-000-00408.jp2/full/max/0/default.jpg
MS-NN-00003-00074,MS Nn.3.74,204r,https://images.lib.cam.ac.uk/iiif/MS-NN-00003-00074-000-00409.jp2/full/max/0/default.jpg
MS-NN-00003-00074,MS Nn.3.74,204v,https://images.lib.cam.ac.uk/iiif/MS-NN-00003-00074-000-00410.jp2/full/max/0/default.jpg
MS-NN-00003-00074,MS Nn.3.74,205r,https://images.lib.cam.ac.uk/iiif/MS-NN-00003-00074-000-00411.jp2/full/max/0/default.jpg
MS-NN-00003-00074,MS Nn.3.74,205v,https://images.lib.cam.ac.uk/iiif/MS-NN-00003-00074-000-00412.jp2/full/max/0/default.jpg
MS-NN-00003-00074,MS Nn.3.74,206r,https://images.lib.cam.ac.uk/iiif/MS-NN-00003-00074-000-00413.jp2/full/max/0/default.jpg
MS-NN-00003-00074,MS Nn.3.74,206v,https://images.lib.cam.ac.uk/iiif/MS-NN-00003-00074-000-00414.jp2/full/max/0/default.jpg
MS-NN-00003-00074,MS Nn.3.74,207r,https://images.lib.cam.ac.uk/iiif/MS-NN-00003-00074-000-00415.jp2/full/max/0/default.jpg
MS-NN-00003-00074,MS Nn.3.74,207v,https://images.lib.cam.ac.uk/iiif/MS-NN-00003-00074-000-00416.jp2/full/max/0/default.jpg
MS-NN-00003-00074,MS Nn.3.74,208r,https://images.lib.cam.ac.uk/iiif/MS-NN-00003-00074-000-00417.jp2/full/max/0/default.jpg
MS-NN-00003-00074,MS Nn.3.74,208v,https://images.lib.cam.ac.uk/iiif/MS-NN-00003-00074-000-00418.jp2/full/max/0/default.jpg
MS-NN-00003-00074,MS Nn.3.74,209r,https://images.lib.cam.ac.uk/iiif/MS-NN-00003-00074-000-00419.jp2/full/max/0/default.jpg
MS-NN-00003-00074,MS Nn.3.74,209v,https://images.lib.cam.ac.uk/iiif/MS-NN-00003-00074-000-00420.jp2/full/max/0/default.jpg
MS-NN-00003-00074,MS Nn.3.74,210r,https://images.lib.cam.ac.uk/iiif/MS-NN-00003-00074-000-00421.jp2/full/max/0/default.jpg
MS-NN-00003-00074,MS Nn.3.74,210v,https://images.lib.cam.ac.uk/iiif/MS-NN-00003-00074-000-00422.jp2/full/max/0/default.jpg
MS-NN-00003-00074,MS Nn.3.74,211r,https://images.lib.cam.ac.uk/iiif/MS-NN-00003-00074-000-00423.jp2/full/max/0/default.jpg
MS-NN-00003-00074,MS Nn.3.74,211v,https://images.lib.cam.ac.uk/iiif/MS-NN-00003-00074-000-00424.jp2/full/max/0/default.jpg
MS-NN-00003-00074,MS Nn.3.74,212r,https://images.lib.cam.ac.uk/iiif/MS-NN-00003-00074-000-00425.jp2/full/max/0/default.jpg
MS-NN-00003-00074,MS Nn.3.74,212v,https://images.lib.cam.ac.uk/iiif/MS-NN-00003-00074-000-00426.jp2/full/max/0/default.jpg
MS-NN-00003-00074,MS Nn.3.74,213r,https://images.lib.cam.ac.uk/iiif/MS-NN-00003-00074-000-00427.jp2/full/max/0/default.jpg
MS-NN-00003-00074,MS Nn.3.74,213v,https://images.lib.cam.ac.uk/iiif/MS-NN-00003-00074-000-00428.jp2/full/max/0/default.jpg
MS-NN-00003-00074,MS Nn.3.74,214r,https://images.lib.cam.ac.uk/iiif/MS-NN-00003-00074-000-00429.jp2/full/max/0/default.jpg
MS-NN-00003-00074,MS Nn.3.74,214v,https://images.lib.cam.ac.uk/iiif/MS-NN-00003-00074-000-00430.jp2/full/max/0/default.jpg
MS-NN-00003-00074,MS Nn.3.74,215r,https://images.lib.cam.ac.uk/iiif/MS-NN-00003-00074-000-00431.jp2/full/max/0/default.jpg
MS-NN-00003-00074,MS Nn.3.74,215v,https://images.lib.cam.ac.uk/iiif/MS-NN-00003-00074-000-00432.jp2/full/max/0/default.jpg
MS-NN-00003-00074,MS Nn.3.74,216r,https://images.lib.cam.ac.uk/iiif/MS-NN-00003-00074-000-00433.jp2/full/max/0/default.jpg
MS-NN-00003-00074,MS Nn.3.74,216v,https://images.lib.cam.ac.uk/iiif/MS-NN-00003-00074-000-00434.jp2/full/max/0/default.jpg
MS-NN-00003-00074,MS Nn.3.74,217r,https://images.lib.cam.ac.uk/iiif/MS-NN-00003-00074-000-00435.jp2/full/max/0/default.jpg
MS-NN-00003-00074,MS Nn.3.74,217v,https://images.lib.cam.ac.uk/iiif/MS-NN-00003-00074-000-00436.jp2/full/max/0/default.jpg
MS-NN-00003-00074,MS Nn.3.74,218r,https://images.lib.cam.ac.uk/iiif/MS-NN-00003-00074-000-00437.jp2/full/max/0/default.jpg
MS-NN-00003-00074,MS Nn.3.74,218v,https://images.lib.cam.ac.uk/iiif/MS-NN-00003-00074-000-00438.jp2/full/max/0/default.jpg
MS-NN-00003-00074,MS Nn.3.74,219r,https://images.lib.cam.ac.uk/iiif/MS-NN-00003-00074-000-00439.jp2/full/max/0/default.jpg
MS-NN-00003-00074,MS Nn.3.74,219v,https://images.lib.cam.ac.uk/iiif/MS-NN-00003-00074-000-00440.jp2/full/max/0/default.jpg
MS-NN-00003-00074,MS Nn.3.74,220r,https://images.lib.cam.ac.uk/iiif/MS-NN-00003-00074-000-00441.jp2/full/max/0/default.jpg
MS-NN-00003-00074,MS Nn.3.74,220v,https://images.lib.cam.ac.uk/iiif/MS-NN-00003-00074-000-00442.jp2/full/max/0/default.jpg
MS-NN-00003-00074,MS Nn.3.74,221r,https://images.lib.cam.ac.uk/iiif/MS-NN-00003-00074-000-00443.jp2/full/max/0/default.jpg
MS-NN-00003-00074,MS Nn.3.74,221v,https://images.lib.cam.ac.uk/iiif/MS-NN-00003-00074-000-00444.jp2/full/max/0/default.jpg
MS-NN-00003-00074,MS Nn.3.74,222r,https://images.lib.cam.ac.uk/iiif/MS-NN-00003-00074-000-00445.jp2/full/max/0/default.jpg
MS-NN-00003-00074,MS Nn.3.74,222v,https://images.lib.cam.ac.uk/iiif/MS-NN-00003-00074-000-00446.jp2/full/max/0/default.jpg
MS-NN-00003-00074,MS Nn.3.74,223r,https://images.lib.cam.ac.uk/iiif/MS-NN-00003-00074-000-00447.jp2/full/max/0/default.jpg
MS-NN-00003-00074,MS Nn.3.74,223v,https://images.lib.cam.ac.uk/iiif/MS-NN-00003-00074-000-00448.jp2/full/max/0/default.jpg
MS-NN-00003-00074,MS Nn.3.74,224r,https://images.lib.cam.ac.uk/iiif/MS-NN-00003-00074-000-00449.jp2/full/max/0/default.jpg
MS-NN-00003-00074,MS Nn.3.74,224v,https://images.lib.cam.ac.uk/iiif/MS-NN-00003-00074-000-00450.jp2/full/max/0/default.jpg
MS-NN-00003-00074,MS Nn.3.74,225r,https://images.lib.cam.ac.uk/iiif/MS-NN-00003-00074-000-00451.jp2/full/max/0/default.jpg
MS-NN-00003-00074,MS Nn.3.74,225v,https://images.lib.cam.ac.uk/iiif/MS-NN-00003-00074-000-00452.jp2/full/max/0/default.jpg
MS-NN-00003-00074,MS Nn.3.74,226r,https://images.lib.cam.ac.uk/iiif/MS-NN-00003-00074-000-00453.jp2/full/max/0/default.jpg
MS-NN-00003-00074,MS Nn.3.74,226v,https://images.lib.cam.ac.uk/iiif/MS-NN-00003-00074-000-00454.jp2/full/max/0/default.jpg
MS-NN-00003-00074,MS Nn.3.74,227r,https://images.lib.cam.ac.uk/iiif/MS-NN-00003-00074-000-00455.jp2/full/max/0/default.jpg
MS-NN-00003-00074,MS Nn.3.74,227v,https://images.lib.cam.ac.uk/iiif/MS-NN-00003-00074-000-00456.jp2/full/max/0/default.jpg
MS-NN-00003-00074,MS Nn.3.74,228r,https://images.lib.cam.ac.uk/iiif/MS-NN-00003-00074-000-00457.jp2/full/max/0/default.jpg
MS-NN-00003-00074,MS Nn.3.74,228v,https://images.lib.cam.ac.uk/iiif/MS-NN-00003-00074-000-00458.jp2/full/max/0/default.jpg
MS-NN-00003-00074,MS Nn.3.74,229r,https://images.lib.cam.ac.uk/iiif/MS-NN-00003-00074-000-00459.jp2/full/max/0/default.jpg
MS-NN-00003-00074,MS Nn.3.74,229v,https://images.lib.cam.ac.uk/iiif/MS-NN-00003-00074-000-00460.jp2/full/max/0/default.jpg
MS-NN-00003-00074,MS Nn.3.74,230r,https://images.lib.cam.ac.uk/iiif/MS-NN-00003-00074-000-00461.jp2/full/max/0/default.jpg
MS-NN-00003-00074,MS Nn.3.74,230v,https://images.lib.cam.ac.uk/iiif/MS-NN-00003-00074-000-00462.jp2/full/max/0/default.jpg
MS-NN-00003-00074,MS Nn.3.74,231r,https://images.lib.cam.ac.uk/iiif/MS-NN-00003-00074-000-00463.jp2/full/max/0/default.jpg
MS-NN-00003-00074,MS Nn.3.74,231v,https://images.lib.cam.ac.uk/iiif/MS-NN-00003-00074-000-00464.jp2/full/max/0/default.jpg
MS-NN-00003-00074,MS Nn.3.74,232r,https://images.lib.cam.ac.uk/iiif/MS-NN-00003-00074-000-00465.jp2/full/max/0/default.jpg
MS-NN-00003-00074,MS Nn.3.74,232v,https://images.lib.cam.ac.uk/iiif/MS-NN-00003-00074-000-00466.jp2/full/max/0/default.jpg
MS-NN-00003-00074,MS Nn.3.74,233r,https://images.lib.cam.ac.uk/iiif/MS-NN-00003-00074-000-00467.jp2/full/max/0/default.jpg
MS-NN-00003-00074,MS Nn.3.74,233v,https://images.lib.cam.ac.uk/iiif/MS-NN-00003-00074-000-00468.jp2/full/max/0/default.jpg
MS-NN-00003-00074,MS Nn.3.74,234r,https://images.lib.cam.ac.uk/iiif/MS-NN-00003-00074-000-00469.jp2/full/max/0/default.jpg
MS-NN-00003-00074,MS Nn.3.74,234v,https://images.lib.cam.ac.uk/iiif/MS-NN-00003-00074-000-00470.jp2/full/max/0/default.jpg
MS-NN-00003-00074,MS Nn.3.74,235r,https://images.lib.cam.ac.uk/iiif/MS-NN-00003-00074-000-00471.jp2/full/max/0/default.jpg
MS-NN-00003-00074,MS Nn.3.74,235v,https://images.lib.cam.ac.uk/iiif/MS-NN-00003-00074-000-00472.jp2/full/max/0/default.jpg
MS-NN-00003-00074,MS Nn.3.74,236r,https://images.lib.cam.ac.uk/iiif/MS-NN-00003-00074-000-00473.jp2/full/max/0/default.jpg
MS-NN-00003-00074,MS Nn.3.74,236v,https://images.lib.cam.ac.uk/iiif/MS-NN-00003-00074-000-00474.jp2/full/max/0/default.jpg
MS-NN-00003-00074,MS Nn.3.74,237r,https://images.lib.cam.ac.uk/iiif/MS-NN-00003-00074-000-00475.jp2/full/max/0/default.jpg
MS-NN-00003-00074,MS Nn.3.74,237v,https://images.lib.cam.ac.uk/iiif/MS-NN-00003-00074-000-00476.jp2/full/max/0/default.jpg
MS-NN-00003-00074,MS Nn.3.74,238r,https://images.lib.cam.ac.uk/iiif/MS-NN-00003-00074-000-00477.jp2/full/max/0/default.jpg
MS-NN-00003-00074,MS Nn.3.74,238v,https://images.lib.cam.ac.uk/iiif/MS-NN-00003-00074-000-00478.jp2/full/max/0/default.jpg
MS-NN-00003-00074,MS Nn.3.74,239r,https://images.lib.cam.ac.uk/iiif/MS-NN-00003-00074-000-00479.jp2/full/max/0/default.jpg
MS-NN-00003-00074,MS Nn.3.74,239v,https://images.lib.cam.ac.uk/iiif/MS-NN-00003-00074-000-00480.jp2/full/max/0/default.jpg
MS-NN-00003-00074,MS Nn.3.74,240r,https://images.lib.cam.ac.uk/iiif/MS-NN-00003-00074-000-00481.jp2/full/max/0/default.jpg
MS-NN-00003-00074,MS Nn.3.74,240v,https://images.lib.cam.ac.uk/iiif/MS-NN-00003-00074-000-00482.jp2/full/max/0/default.jpg
MS-NN-00003-00074,MS Nn.3.74,240[a]r,https://images.lib.cam.ac.uk/iiif/MS-NN-00003-00074-000-00483.jp2/full/max/0/default.jpg
MS-NN-00003-00074,MS Nn.3.74,240[a]v,https://images.lib.cam.ac.uk/iiif/MS-NN-00003-00074-000-00484.jp2/full/max/0/default.jpg
MS-NN-00003-00074,MS Nn.3.74,241r,https://images.lib.cam.ac.uk/iiif/MS-NN-00003-00074-000-00485.jp2/full/max/0/default.jpg
MS-NN-00003-00074,MS Nn.3.74,241v,https://images.lib.cam.ac.uk/iiif/MS-NN-00003-00074-000-00486.jp2/full/max/0/default.jpg
MS-NN-00003-00074,MS Nn.3.74,242r,https://images.lib.cam.ac.uk/iiif/MS-NN-00003-00074-000-00487.jp2/full/max/0/default.jpg
MS-NN-00003-00074,MS Nn.3.74,242v,https://images.lib.cam.ac.uk/iiif/MS-NN-00003-00074-000-00488.jp2/full/max/0/default.jpg
MS-NN-00003-00074,MS Nn.3.74,243r,https://images.lib.cam.ac.uk/iiif/MS-NN-00003-00074-000-00489.jp2/full/max/0/default.jpg
MS-NN-00003-00074,MS Nn.3.74,243v,https://images.lib.cam.ac.uk/iiif/MS-NN-00003-00074-000-00490.jp2/full/max/0/default.jpg
MS-NN-00003-00074,MS Nn.3.74,back cover (inside),https://images.lib.cam.ac.uk/iiif/MS-NN-00003-00074-000-00491.jp2/full/max/0/default.jpg
MS-NN-00003-00074,MS Nn.3.74,back cover,https://images.lib.cam.ac.uk/iiif/MS-NN-00003-00074-000-00492.jp2/full/max/0/default.jpg
MS-NN-00003-00074,MS Nn.3.74,flap (inside),https://images.lib.cam.ac.uk/iiif/MS-NN-00003-00074-000-00493.jp2/full/max/0/default.jpg
MS-NN-00003-00074,MS Nn.3.74,flap,https://images.lib.cam.ac.uk/iiif/MS-NN-00003-00074-000-00494.jp2/full/max/0/default.jpg
MS-NN-00003-00074,MS Nn.3.74,spine,https://images.lib.cam.ac.uk/iiif/MS-NN-00003-00074-000-00495.jp2/full/max/0/default.jpg
MS-NN-00003-00074,MS Nn.3.74,flap (end),https://images.lib.cam.ac.uk/iiif/MS-NN-00003-00074-000-00496.jp2/full/max/0/default.jpg
